Country Code,Country Name,PDI,IDV,MAS,UAI,LTO,IVR
ARG,Argentina,49,46,56,86,20,62
AUS,Australia,38,90,61,51,21,71
AUT,Austria,11,55,79,70,60,63
BEL,Belgium,65,75,54,94,82,57
BGD,Bangladesh,80,20,55,60,47,20
BGR,Bulgaria,70,30,40,85,69,16
BRA,Brazil,69,38,49,76,44,59
CAN,Canada,39,80,52,48,36,68
CHE,Switzerland,34,68,70,58,74,66
CHL,Chile,63,23,28,86,31,68
CHN,China,80,20,66,30,87,24
COL,Colombia,67,13,64,80,13,83
CZE,Czech Republic,57,58,57,74,70,29
DEU,Germany,35,67,66,65,83,40
DNK,Denmark,18,74,16,23,35,70
ESP,Spain,57,51,42,86,48,44
EST,Estonia,40,60,30,60,82,16
FIN,Finland,33,63,26,59,38,57
FRA,France,68,71,43,86,63,48
GBR,United Kingdom,35,89,66,35,51,69
GRC,Greece,60,35,57,112,45,50
HKG,Hong Kong,68,25,57,29,61,17
HRV,Croatia,73,33,40,80,58,33
HUN,Hungary,46,80,88,82,58,31
IDN,Indonesia,78,14,46,48,62,38
IND,India,77,48,56,40,51,26
IRL,Ireland,28,70,68,35,24,65
IRN,Iran,58,41,43,59,14,40
ITA,Italy,50,76,70,75,61,30
JPN,Japan,54,46,95,92,88,42
KOR,South Korea,60,18,39,85,100,29
LTU,Lithuania,42,60,19,65,82,16
LUX,Luxembourg,40,60,50,70,64,56
LVA,Latvia,44,70,9,63,69,13
MAR,Morocco,70,46,53,68,14,25
MEX,Mexico,81,30,69,82,24,97
MLT,Malta,56,59,47,96,47,66
MYS,Malaysia,104,26,50,36,41,57
NLD,Netherlands,38,80,14,53,67,68
NOR,Norway,31,69,8,50,35,55
NZL,New Zealand,22,79,58,49,33,75
PAK,Pakistan,55,14,50,70,50,0
PER,Peru,64,16,42,87,25,46
PHL,Philippines,94,32,64,44,27,42
POL,Poland,68,60,64,93,38,29
PRT,Portugal,63,27,31,104,28,33
ROU,Romania,90,30,42,90,52,20
RUS,Russia,93,39,36,95,81,20
SGP,Singapore,74,20,48,8,72,46
SLV,El Salvador,66,19,40,94,20,89
SRB,Serbia,86,25,43,92,52,28
SVN,Slovenia,71,27,19,88,49,48
SWE,Sweden,31,71,5,29,53,78
THA,Thailand,64,20,34,64,32,45
TTO,Trinidad and Tobago,47,16,58,55,13,80
TUR,Turkey,66,37,45,85,46,49
TWN,Taiwan,58,17,45,69,93,49
URY,Uruguay,61,36,38,100,26,53
USA,United States,40,91,62,46,26,68
VEN,Venezuela,81,12,73,76,16,100
VNM,Vietnam,70,20,40,30,57,35
