ctr,country,PDI,IDV,MAS,UAI,LTO,IVR,Country Name,ISO2,ISO3,Top Level Domain,FIPS,ISO Numeric,GeoNameID,E164,Phone Code,Continent,Capital,Time Zone in Capital,Currency,Language Codes,Languages,Area KM2,Internet Hosts,Internet Users,Phones (Mobile),Phones (Landline),GDP
ALB,Albania,#NULL!,#NULL!,#NULL!,#NULL!,61,15,Albania,AL,ALB,al,AL,8.0,783754.0,355.0,355,Europe,Tirana,Europe/Tirane,Lek,"sq,el","Albanian 98.8% (official - derived from Tosk dialect), Greek 0.5%, other 0.6% (including Macedonian, Roma, Vlach, Turkish, Italian, and Serbo-Croatian), unspecified 0.1% (2011 est.)",28748.0,15528.0,1300000.0,3500000.0,312000.0,12800000000.0
ALG,Algeria,#NULL!,#NULL!,#NULL!,#NULL!,26,32,Algeria,DZ,DZA,dz,AG,12.0,2589581.0,213.0,213,Africa,Algiers,Africa/Algiers,Dinar,ar-DZ,"Arabic (official), French (lingua franca), Berber dialects: Kabylie Berber (Tamazight), Chaouia Berber (Tachawit), Mzab Berber, Tuareg Berber (Tamahaq)",2381740.0,676.0,4700000.0,37692000.0,3200000.0,215700000000.0
AND,Andorra,#NULL!,#NULL!,#NULL!,#NULL!,#NULL!,65,Andorra,AD,AND,ad,AN,20.0,3041565.0,376.0,376,Europe,Andorra la Vella,Europe/Andorra,Euro,ca,"Catalan (official), French, Castilian, Portuguese",468.0,28383.0,67100.0,65000.0,39000.0,4800000000.0
ARG,Argentina,49,46,56,86,20,62,Argentina,AR,ARG,ar,AR,32.0,3865483.0,54.0,54,South America,Buenos Aires,America/Argentina/Buenos_Aires,Peso,"es-AR,en,it,de,fr,gn","Spanish (official), Italian, English, German, French, indigenous (Mapudungun, Quechua)",2766890.0,11232000.0,13694000.0,58600000.0,1.0,484600000000.0
ARM,Armenia,#NULL!,#NULL!,#NULL!,#NULL!,61,#NULL!,Armenia,AM,ARM,am,AM,51.0,174982.0,374.0,374,Asia,Yerevan,Asia/Yerevan,Dram,hy,"Armenian (official) 97.9%, Kurdish (spoken by Yezidi minority) 1%, other 1% (2011 est.)",29800.0,194142.0,208200.0,3223000.0,584000.0,10440000000.0
AUL,Australia,38,90,61,51,21,71,Australia,AU,AUS,au,AS,36.0,2077456.0,61.0,61,Oceania,Canberra,Australia/Sydney,Dollar,en-AU,"English 76.8%, Mandarin 1.6%, Italian 1.4%, Arabic 1.3%, Greek 1.2%, Cantonese 1.2%, Vietnamese 1.1%, other 10.4%, unspecified 5% (2011 est.)",7686850.0,17081000.0,15810000.0,24400000.0,10470000.0,1488000000000.0
AUT,Austria,11,55,79,70,60,63,Austria,AT,AUT,at,AU,40.0,2782113.0,43.0,43,Europe,Vienna,Europe/Vienna,Euro,"de-AT,hr,hu,sl","German (official nationwide) 88.6%, Turkish 2.3%, Serbian 2.2%, Croatian (official in Burgenland) 1.6%, other (includes Slovene, official in Carinthia, and Hungarian, official in Burgenland) 5.3% (2001 census)",83858.0,3512000.0,6143000.0,13590000.0,3342000.0,417900000000.0
AZE,Azerbaijan,#NULL!,#NULL!,#NULL!,#NULL!,61,22,Azerbaijan,AZ,AZE,az,AJ,31.0,587116.0,994.0,994,Asia,Baku,Asia/Baku,Manat,"az,ru,hy","Azerbaijani (Azeri) (official) 92.5%, Russian 1.4%, Armenian 1.4%, other 4.7% (2009 est.)",86600.0,46856.0,2420000.0,10125000.0,1734000.0,76010000000.0
BAN,Bangladesh,80,20,55,60,47,20,Bangladesh,BD,BGD,bd,BG,50.0,1210997.0,880.0,880,Asia,Dhaka,Asia/Dhaka,Taka,"bn-BD,en","Bangla (official, also known as Bengali), English",144000.0,71164.0,617300.0,97180000.0,962000.0,140200000000.0
BLR,Belarus,#NULL!,#NULL!,#NULL!,#NULL!,81,15,Belarus,BY,BLR,by,BO,112.0,630336.0,375.0,375,Europe,Minsk,Europe/Minsk,Ruble,"be,ru","Belarusian (official) 23.4%, Russian (official) 70.2%, other 3.1% (includes small Polish- and Ukrainian-speaking minorities), unspecified 3.3% (2009 est.)",207600.0,295217.0,2643000.0,10675000.0,4407000.0,69240000000.0
BEL,Belgium,65,75,54,94,82,57,Belgium,BE,BEL,be,BE,56.0,2802361.0,32.0,32,Europe,Brussels,Europe/Brussels,Euro,"nl-BE,fr-BE,de-BE","Dutch (official) 60%, French (official) 40%, German (official) less than 1%, legally bilingual (Dutch and French)",30510.0,5192000.0,8113000.0,12880000.0,4631000.0,507400000000.0
BRA,Brazil,69,38,49,76,44,59,Brazil,BR,BRA,br,BR,76.0,3469034.0,55.0,55,South America,Brasilia,America/Sao_Paulo,Real,"pt-BR,es,en,fr",Portuguese (official and most widely spoken language),8511965.0,26577000.0,75982000.0,248324000.0,44300000.0,2190000000000.0
BUL,Bulgaria,70,30,40,85,69,16,Bulgaria,BG,BGR,bg,BU,100.0,732800.0,359.0,359,Europe,Sofia,Europe/Sofia,Lev,"bg,tr-BG","Bulgarian (official) 76.8%, Turkish 8.2%, Roma 3.8%, other 0.7%, unspecified 10.5% (2011 est.)",110910.0,976277.0,3395000.0,10780000.0,2253000.0,53700000000.0
BUF,Burkina Faso,#NULL!,#NULL!,#NULL!,#NULL!,27,18,Burkina Faso,BF,BFA,bf,UV,854.0,2361809.0,226.0,226,Africa,Ouagadougou,Africa/Ouagadougou,Franc,fr-BF,"French (official), native African languages belonging to Sudanic family spoken by 90% of the population",274200.0,1795.0,178100.0,9980000.0,141400.0,12130000000.0
CAN,Canada,39,80,52,48,36,68,Canada,CA,CAN,ca,CA,124.0,6251999.0,1.0,1,North America,Ottawa,America/Toronto,Dollar,"en-CA,fr-CA,iu","English (official) 58.7%, French (official) 22%, Punjabi 1.4%, Italian 1.3%, Spanish 1.3%, German 1.3%, Cantonese 1.2%, Tagalog 1.2%, Arabic 1.1%, other 10.5% (2011 est.)",9984670.0,8743000.0,26960000.0,26263000.0,18010000.0,1825000000000.0
CHL,Chile,63,23,28,86,31,68,Chile,CL,CHL,cl,CI,152.0,3895114.0,56.0,56,South America,Santiago,America/Santiago,Peso,es-CL,"Spanish 99.5% (official), English 10.2%, indigenous 1% (includes Mapudungun, Aymara, Quechua, Rapa Nui), other 2.3%, unspecified 0.2%",756950.0,2152000.0,7009000.0,24130000.0,3276000.0,281700000000.0
CHI,China,80,20,66,30,87,24,China,CN,CHN,cn,CH,156.0,1814991.0,86.0,86,Asia,Beijing,Asia/Shanghai,Yuan Renminbi,"zh-CN,yue,wuu,dta,ug,za","Standard Chinese or Mandarin (official; Putonghua, based on the Beijing dialect), Yue (Cantonese), Wu (Shanghainese), Minbei (Fuzhou), Minnan (Hokkien-Taiwanese), Xiang, Gan, Hakka dialects, minority languages",9596960.0,20602000.0,389000000.0,1100000000.0,278860000.0,9330000000000.0
COL,Colombia,67,13,64,80,13,83,Colombia,CO,COL,co,CO,170.0,3686110.0,57.0,57,South America,Bogota,America/Bogota,Peso,es-CO,Spanish (official),1138910.0,4410000.0,22538000.0,49066000.0,6291000.0,369200000000.0
COS,Costa Rica,35,15,21,86,#NULL!,#NULL!,Costa Rica,CR,CRI,cr,CS,188.0,3624060.0,506.0,506,North America,San Jose,America/Costa_Rica,Colon,"es-CR,en","Spanish (official), English",51100.0,147258.0,1485000.0,6151000.0,1018000.0,48510000000.0
CRO,Croatia,73,33,40,80,58,33,Croatia,HR,HRV,hr,HR,191.0,3202326.0,385.0,385,Europe,Zagreb,Europe/Zagreb,Kuna,"hr-HR,sr","Croatian (official) 95.6%, Serbian 1.2%, other 3% (including Hungarian, Czech, Slovak, and Albanian), unspecified 0.2% (2011 est.)",56542.0,729420.0,2234000.0,4970000.0,1640000.0,59140000000.0
CYP,Cyprus,#NULL!,#NULL!,#NULL!,#NULL!,#NULL!,70,Cyprus,CY,CYP,cy,CY,196.0,146669.0,357.0,357,Europe,Nicosia,Asia/Nicosia,Euro,"el-CY,tr-CY,en","Greek (official) 80.9%, Turkish (official) 0.2%, English 4.1%, Romanian 2.9%, Russian 2.5%, Bulgarian 2.2%, Arabic 1.2%, Filippino 1.1%, other 4.3%, unspecified 0.6% (2011 est.)",9250.0,252013.0,433900.0,1110000.0,373200.0,21780000000.0
DEN,Denmark,18,74,16,23,35,70,Denmark,DK,DNK,dk,DA,208.0,2623032.0,45.0,45,Europe,Copenhagen,Europe/Copenhagen,Krone,"da-DK,en,fo,de-DK","Danish, Faroese, Greenlandic (an Inuit dialect), German (small minority)",43094.0,4297000.0,4750000.0,6600000.0,2431000.0,324300000000.0
ECA,Ecuador,78,8,63,67,#NULL!,#NULL!,Ecuador,EC,ECU,ec,EC,218.0,3658394.0,593.0,593,South America,Quito,America/Guayaquil,Dollar,es-EC,"Spanish (Castillian) 93% (official), Quechua 4.1%, other indigenous 0.7%, foreign 2.2%",283560.0,170538.0,3352000.0,16457000.0,2310000.0,91410000000.0
EGY,Egypt,#NULL!,#NULL!,#NULL!,#NULL!,7,4,Egypt,EG,EGY,eg,EG,818.0,357994.0,20.0,20,Africa,Cairo,Africa/Cairo,Pound,"ar-EG,en,fr","Arabic (official), English and French widely understood by educated classes",1001450.0,200430.0,20136000.0,96800000.0,8557000.0,262000000000.0
ETH,Ethiopia,#NULL!,#NULL!,#NULL!,#NULL!,#NULL!,46,Ethiopia,ET,ETH,et,ET,231.0,337996.0,251.0,251,Africa,Addis Ababa,Africa/Addis_Ababa,Birr,"am,en-ET,om-ET,ti-ET,so-ET,sid","Oromo (official working language in the State of Oromiya) 33.8%, Amharic (official national language) 29.3%, Somali (official working language of the State of Sumale) 6.2%, Tigrigna (Tigrinya) (official working language of the State of Tigray) 5.9%, Sidamo 4%, Wolaytta 2.2%, Gurage 2%, Afar (official working language of the State of Afar) 1.7%, Hadiyya 1.7%, Gamo 1.5%, Gedeo 1.3%, Opuuo 1.2%, Kafa 1.1%, other 8.1%, English (major foreign language taught in schools), Arabic (2007 est.)",1127127.0,179.0,447300.0,20524000.0,797500.0,47340000000.0
SAL,El Salvador,66,19,40,94,20,89,El Salvador,SV,SLV,sv,ES,222.0,3585968.0,503.0,503,North America,San Salvador,America/El_Salvador,Dollar,es-SV,"Spanish (official), Nahua (among some Amerindians)",21040.0,24070.0,746000.0,8650000.0,1060000.0,24670000000.0
EST,Estonia,40,60,30,60,82,16,Estonia,EE,EST,ee,EN,233.0,453733.0,372.0,372,Europe,Tallinn,Europe/Tallinn,Euro,"et,ru","Estonian (official) 68.5%, Russian 29.6%, Ukrainian 0.6%, other 1.2%, unspecified 0.1% (2011 est.)",45226.0,865494.0,971700.0,2070000.0,448200.0,24280000000.0
FIN,Finland,33,63,26,59,38,57,Finland,FI,FIN,fi,FI,246.0,660013.0,358.0,358,Europe,Helsinki,Europe/Helsinki,Euro,"fi-FI,sv-FI,smn","Finnish (official) 94.2%, Swedish (official) 5.5%, other (small Sami- and Russian-speaking minorities) 0.2% (2012 est.)",337030.0,4763000.0,4393000.0,9320000.0,890000.0,259600000000.0
FRA,France,68,71,43,86,63,48,France,FR,FRA,fr,FR,250.0,3017382.0,33.0,33,Europe,Paris,Europe/Paris,Euro,"fr-FR,frp,br,co,ca,eu,oc","French (official) 100%, rapidly declining regional dialects and languages (Provencal, Breton, Alsatian, Corsican, Catalan, Basque, Flemish)",547030.0,17266000.0,45262000.0,62280000.0,39290000.0,2739000000000.0
GEO,Georgia,#NULL!,#NULL!,#NULL!,#NULL!,38,32,Georgia,GE,GEO,ge,GG,268.0,614540.0,995.0,995,Asia,Tbilisi,Asia/Tbilisi,Lari,"ka,ru,hy,az","Georgian (official) 71%, Russian 9%, Armenian 7%, Azeri 6%, other 7%",69700.0,357864.0,1300000.0,4699000.0,1276000.0,15950000000.0
GER,Germany,35,67,66,65,83,40,Germany,DE,DEU,de,GM,276.0,2921044.0,49.0,49,Europe,Berlin,Europe/Berlin,Euro,de,German (official),357021.0,20043000.0,65125000.0,107700000.0,50700000.0,3593000000000.0
GHA,Ghana,#NULL!,#NULL!,#NULL!,#NULL!,4,72,Ghana,GH,GHA,gh,GH,288.0,2300660.0,233.0,233,Africa,Accra,Africa/Accra,Cedi,"en-GH,ak,ee,tw","Asante 14.8%, Ewe 12.7%, Fante 9.9%, Boron (Brong) 4.6%, Dagomba 4.3%, Dangme 4.3%, Dagarte (Dagaba) 3.7%, Akyem 3.4%, Ga 3.4%, Akuapem 2.9%, other (includes English (official)) 36.1% (2000 census)",239460.0,59086.0,1297000.0,25618000.0,285000.0,45550000000.0
GRE,Greece,60,35,57,112,45,50,Greece,GR,GRC,gr,GR,300.0,390903.0,30.0,30,Europe,Athens,Europe/Athens,Euro,"el-GR,en,fr","Greek (official) 99%, other (includes English and French) 1%",131940.0,3201000.0,4971000.0,13354000.0,5461000.0,243300000000.0
GUA,Guatemala,95,6,37,101,#NULL!,#NULL!,Guatemala,GT,GTM,gt,GT,320.0,3595528.0,502.0,502,North America,Guatemala City,America/Guatemala,Quetzal,es-GT,"Spanish (official) 60%, Amerindian languages 40%",108890.0,357552.0,2279000.0,20787000.0,1744000.0,53900000000.0
HOK,Hong Kong,68,25,57,29,61,17,Hong Kong,HK,HKG,hk,HK,344.0,1819730.0,852.0,852,Asia,Hong Kong,Asia/Hong_Kong,Dollar,"zh-HK,yue,zh,en","Cantonese (official) 89.5%, English (official) 3.5%, Putonghua (Mandarin) 1.4%, other Chinese dialects 4%, other 1.6% (2011 est.)",1092.0,870041.0,4873000.0,16403000.0,4362000.0,272100000000.0
HUN,Hungary,46,80,88,82,58,31,Hungary,HU,HUN,hu,HU,348.0,719819.0,36.0,36,Europe,Budapest,Europe/Budapest,Forint,hu-HU,"Hungarian (official) 99.6%, English 16%, German 11.2%, Russian 1.6%, Romanian 1.3%, French 1.2%, other 4.2%",93030.0,3145000.0,6176000.0,11580000.0,2960000.0,130600000000.0
ICE,Iceland,#NULL!,#NULL!,#NULL!,#NULL!,28,67,Iceland,IS,ISL,is,IC,352.0,2629691.0,354.0,354,Europe,Reykjavik,Atlantic/Reykjavik,Krona,"is,en,de,da,sv,no","Icelandic, English, Nordic languages, German widely spoken",103000.0,369969.0,301600.0,346000.0,189000.0,14590000000.0
IND,India,77,48,56,40,51,26,India,IN,IND,in,IN,356.0,1269750.0,91.0,91,Asia,New Delhi,Asia/Kolkata,Rupee,"en-IN,hi,bn,te,mr,ta,ur,gu,kn,ml,or,pa,as,bh,sat,ks,ne,sd,kok,doi,mni,sit,sa,fr,lus,inc","Hindi 41%, Bengali 8.1%, Telugu 7.2%, Marathi 7%, Tamil 5.9%, Urdu 5%, Gujarati 4.5%, Kannada 3.7%, Malayalam 3.2%, Oriya 3.2%, Punjabi 2.8%, Assamese 1.3%, Maithili 1.2%, other 5.9%",3287590.0,6746000.0,61338000.0,893862000.0,31080000.0,1670000000000.0
IDO,Indonesia,78,14,46,48,62,38,Indonesia,ID,IDN,id,ID,360.0,1643084.0,62.0,62,Asia,Jakarta,Asia/Jakarta,Rupiah,"id,en,nl,jv","Bahasa Indonesia (official, modified form of Malay), English, Dutch, local dialects (of which the most widely spoken is Javanese)",1919440.0,1344000.0,20000000.0,281960000.0,37983000.0,867500000000.0
IRA,Iran,58,41,43,59,14,40,Iran,IR,IRN,ir,IR,364.0,130758.0,98.0,98,Asia,Tehran,Asia/Tehran,Rial,"fa-IR,ku","Persian (official) 53%, Azeri Turkic and Turkic dialects 18%, Kurdish 10%, Gilaki and Mazandarani 7%, Luri 6%, Balochi 2%, Arabic 2%, other 2%",1648000.0,197804.0,8214000.0,58160000.0,28760000.0,411900000000.0
IRQ,Iraq,#NULL!,#NULL!,#NULL!,#NULL!,25,17,Iraq,IQ,IRQ,iq,IZ,368.0,99237.0,964.0,964,Asia,Baghdad,Asia/Baghdad,Dinar,"ar-IQ,ku,hy","Arabic (official), Kurdish (official), Turkmen (a Turkish dialect) and Assyrian (Neo-Aramaic) are official in areas where they constitute a majority of the population), Armenian",437072.0,26.0,325900.0,26760000.0,1870000.0,221800000000.0
IRE,Ireland,28,70,68,35,24,65,Ireland,IE,IRL,ie,EI,372.0,2963597.0,353.0,353,Europe,Dublin,Europe/Dublin,Euro,"en-IE,ga-IE","English (official, the language generally used), Irish (Gaelic or Gaeilge) (official, spoken mainly in areas along the western coast)",70280.0,1387000.0,3042000.0,4906000.0,2007000.0,220900000000.0
ISR,Israel,13,54,47,81,38,#NULL!,Israel,IL,ISR,il,IS,376.0,294640.0,972.0,972,Asia,Jerusalem,Asia/Jerusalem,Shekel,"he,ar-IL,en-IL,","Hebrew (official), Arabic (used officially for Arab minority), English (most commonly used foreign language)",20770.0,2483000.0,4525000.0,9225000.0,3594000.0,272700000000.0
ITA,Italy,50,76,70,75,61,30,Italy,IT,ITA,it,IT,380.0,3175395.0,39.0,39,Europe,Rome,Europe/Rome,Euro,"it-IT,de-IT,fr-IT,sc,ca,co,sl","Italian (official), German (parts of Trentino-Alto Adige region are predominantly German-speaking), French (small French-speaking minority in Valle d'Aosta region), Slovene (Slovene-speaking minority in the Trieste-Gorizia area)",301230.0,25662000.0,29235000.0,97225000.0,21656000.0,2068000000000.0
JAM,Jamaica,45,39,68,13,#NULL!,#NULL!,Jamaica,JM,JAM,jm,JM,388.0,3489940.0,1.0,1-876,North America,Kingston,America/Jamaica,Dollar,en-JM,"English, English patois",10991.0,3906.0,1581000.0,2665000.0,265000.0,14390000000.0
JPN,Japan,54,46,95,92,88,42,Japan,JP,JPN,jp,JA,392.0,1861060.0,81.0,81,Asia,Tokyo,Asia/Tokyo,Yen,ja,Japanese,377835.0,64453000.0,99182000.0,138363000.0,64273000.0,5007000000000.0
JOR,Jordan,#NULL!,#NULL!,#NULL!,#NULL!,16,43,Jordan,JO,JOR,jo,JO,400.0,248816.0,962.0,962,Asia,Amman,Asia/Amman,Dinar,"ar-JO,en","Arabic (official), English (widely understood among upper and middle classes)",92300.0,69473.0,1642000.0,8984000.0,435000.0,34080000000.0
LAT,Latvia,44,70,9,63,69,13,Latvia,LV,LVA,lv,LG,428.0,458258.0,371.0,371,Europe,Riga,Europe/Riga,Euro,"lv,ru,lt","Latvian (official) 56.3%, Russian 33.8%, other 0.6% (includes Polish, Ukrainian, and Belarusian), unspecified 9.4% (2011 est.)",64589.0,359604.0,1504000.0,2310000.0,501000.0,30380000000.0
LIT,Lithuania,42,60,19,65,82,16,Lithuania,LT,LTU,lt,LH,440.0,597427.0,370.0,370,Europe,Vilnius,Europe/Vilnius,Euro,"lt,ru,pl","Lithuanian (official) 82%, Russian 8%, Polish 5.6%, other 0.9%, unspecified 3.5% (2011 est.)",65200.0,1205000.0,1964000.0,5000000.0,667300.0,46710000000.0
LUX,Luxembourg,40,60,50,70,64,56,Luxembourg,LU,LUX,lu,LU,442.0,2960313.0,352.0,352,Europe,Luxembourg,Europe/Luxembourg,Euro,"lb,de-LU,fr-LU","Luxembourgish (official administrative language and national language (spoken vernacular)), French (official administrative language), German (official administrative language)",2586.0,250900.0,424500.0,761300.0,266700.0,60540000000.0
MAL,Malaysia,104,26,50,36,41,57,Malaysia,MY,MYS,my,MY,458.0,1733045.0,60.0,60,Asia,Kuala Lumpur,Asia/Kuala_Lumpur,Ringgit,"ms-MY,en,zh,ta,te,ml,pa,th","Bahasa Malaysia (official), English, Chinese (Cantonese, Mandarin, Hokkien, Hakka, Hainan, Foochow), Tamil, Telugu, Malayalam, Panjabi, Thai",329750.0,422470.0,15355000.0,41325000.0,4589000.0,312400000000.0
MLI,Mali,#NULL!,#NULL!,#NULL!,#NULL!,20,43,Mali,ML,MLI,ml,ML,466.0,2453866.0,223.0,223,Africa,Bamako,Africa/Bamako,Franc,"fr-ML,bm","French (official), Bambara 46.3%, Peul/foulfoulbe 9.4%, Dogon 7.2%, Maraka/soninke 6.4%, Malinke 5.6%, Sonrhai/djerma 5.6%, Minianka 4.3%, Tamacheq 3.5%, Senoufo 2.6%, unspecified 0.6%, other 8.5%",1240000.0,437.0,249800.0,14613000.0,112000.0,11370000000.0
MLT,Malta,56,59,47,96,47,66,Malta,MT,MLT,mt,MT,470.0,2562770.0,356.0,356,Europe,Valletta,Europe/Malta,Euro,"mt,en-MT","Maltese (official) 90.1%, English (official) 6%, multilingual 3%, other 0.9% (2005 est.)",316.0,14754.0,240600.0,539500.0,229700.0,9541000000.0
MEX,Mexico,81,30,69,82,24,97,Mexico,MX,MEX,mx,MX,484.0,3996063.0,52.0,52,North America,Mexico City,America/Mexico_City,Peso,es-MX,"Spanish only 92.7%, Spanish and indigenous languages 5.7%, indigenous only 0.8%, unspecified 0.8%",1972550.0,16233000.0,31020000.0,100786000.0,20220000.0,1327000000000.0
MOL,Moldova,#NULL!,#NULL!,#NULL!,#NULL!,71,19,Moldova,MD,MDA,md,MD,498.0,617790.0,373.0,373,Europe,Chisinau,Europe/Chisinau,Leu,"ro,ru,gag,tr","Moldovan 58.8% (official; virtually the same as the Romanian language), Romanian 16.4%, Russian 16%, Ukrainian 3.8%, Gagauz 3.1% (a Turkish language), Bulgarian 1.1%, other 0.3%, unspecified 0.4%",33843.0,711564.0,1333000.0,4080000.0,1206000.0,7932000000.0
MNG,Montenegro,#NULL!,#NULL!,#NULL!,#NULL!,75,20,Montenegro,ME,MNE,me,MJ,499.0,3194884.0,382.0,382,Europe,Podgorica,Europe/Podgorica,Euro,"sr,hu,bs,sq,hr,rom","Serbian 42.9%, Montenegrin (official) 37%, Bosnian 5.3%, Albanian 5.3%, Serbo-Croat 2%, other 3.5%, unspecified 4% (2011 est.)",14026.0,10088.0,280000.0,1126000.0,163000.0,4518000000.0
MOR,Morocco,70,46,53,68,14,25,Morocco,MA,MAR,ma,MO,504.0,2542007.0,212.0,212,Africa,Rabat,Africa/Casablanca,Dirham,"ar-MA,fr","Arabic (official), Berber languages (Tamazight (official), Tachelhit, Tarifit), French (often the language of business, government, and diplomacy)",446550.0,277338.0,13213000.0,39016000.0,3280000.0,104800000000.0
NET,Netherlands,38,80,14,53,67,68,Netherlands,NL,NLD,nl,NL,528.0,2750405.0,31.0,31,Europe,Amsterdam,Europe/Amsterdam,Euro,"nl-NL,fy-NL",Dutch (official),41526.0,13699000.0,14872000.0,19643000.0,7086000.0,722300000000.0
NZL,New Zealand,22,79,58,49,33,75,New Zealand,NZ,NZL,nz,NZ,554.0,2186224.0,64.0,64,Oceania,Wellington,Pacific/Auckland,Dollar,"en-NZ,mi","English (de facto official) 89.8%, Maori (de jure official) 3.5%, Samoan 2%, Hindi 1.6%, French 1.2%, Northern Chinese 1.2%, Yue 1%, Other or not stated 20.5%, New Zealand Sign Language (de jure official)",268680.0,3026000.0,3400000.0,4922000.0,1880000.0,181100000000.0
NIG,Nigeria,#NULL!,#NULL!,#NULL!,#NULL!,13,84,Nigeria,NG,NGA,ng,NI,566.0,2328926.0,234.0,234,Africa,Abuja,Africa/Lagos,Naira,"en-NG,ha,yo,ig,ff","English (official), Hausa, Yoruba, Igbo (Ibo), Fulani, over 500 additional indigenous languages",923768.0,1234.0,43989000.0,112780000.0,418200.0,502000000000.0
NOR,Norway,31,69,8,50,35,55,Norway,NO,NOR,no,NO,578.0,3144096.0,47.0,47,Europe,Oslo,Europe/Oslo,Krone,"no,nb,nn,se,fi","Bokmal Norwegian (official), Nynorsk Norwegian (official), small Sami- and Finnish-speaking minorities",324220.0,3588000.0,4431000.0,5732000.0,1465000.0,515800000000.0
PAK,Pakistan,55,14,50,70,50,0,Pakistan,PK,PAK,pk,PK,586.0,1168579.0,92.0,92,Asia,Islamabad,Asia/Karachi,Rupee,"ur-PK,en-PK,pa,sd,ps,brh","Punjabi 48%, Sindhi 12%, Saraiki (a Punjabi variant) 10%, Pashto (alternate name, Pashtu) 8%, Urdu (official) 8%, Balochi 3%, Hindko 2%, Brahui 1%, English (official; lingua franca of Pakistani elite and most government ministries), Burushaski, and other 8%",803940.0,365813.0,20431000.0,125000000.0,5803000.0,236500000000.0
PAN,Panama,95,11,44,86,#NULL!,#NULL!,Panama,PA,PAN,pa,PM,591.0,3703430.0,507.0,507,North America,Panama City,America/Panama,Balboa,"es-PA,en","Spanish (official), English 14%",78200.0,11022.0,959800.0,6770000.0,640000.0,40620000000.0
PER,Peru,64,16,42,87,25,46,Peru,PE,PER,pe,PE,604.0,3932488.0,51.0,51,South America,Lima,America/Lima,Sol,"es-PE,qu,ay","Spanish (official) 84.1%, Quechua (official) 13%, Aymara (official) 1.7%, Ashaninka 0.3%, other native languages (includes a large number of minor Amazonian languages) 0.7%, other (includes foreign languages and sign language) 0.2% (2007 est.)",1285220.0,234102.0,9158000.0,29400000.0,3420000.0,210300000000.0
PHI,Philippines,94,32,64,44,27,42,Philippines,PH,PHL,ph,RP,608.0,1694008.0,63.0,63,Asia,Manila,Asia/Manila,Peso,"tl,en-PH,fil","Filipino (official; based on Tagalog) and English (official); eight major dialects - Tagalog, Cebuano, Ilocano, Hiligaynon or Ilonggo, Bicol, Waray, Pampango, and Pangasinan",300000.0,425812.0,8278000.0,103000000.0,3939000.0,272200000000.0
POL,Poland,68,60,64,93,38,29,Poland,PL,POL,pl,PL,616.0,798544.0,48.0,48,Europe,Warsaw,Europe/Warsaw,Zloty,pl,"Polish (official) 96.2%, Polish and non-Polish 2%, non-Polish 0.5%, unspecified 1.3%",312685.0,13265000.0,22452000.0,50840000.0,6125000.0,513900000000.0
POR,Portugal,63,27,31,104,28,33,Portugal,PT,PRT,pt,PO,620.0,2264397.0,351.0,351,Europe,Lisbon,Europe/Lisbon,Euro,"pt-PT,mwl","Portuguese (official), Mirandese (official, but locally used)",92391.0,3748000.0,5168000.0,12312000.0,4558000.0,219300000000.0
PUE,Puerto Rico,#NULL!,#NULL!,#NULL!,#NULL!,0,90,Puerto Rico,PR,PRI,pr,RQ,630.0,4566966.0,1.0,"1-787, 1-939",North America,San Juan,America/Puerto_Rico,Dollar,"en-PR,es-PR","Spanish, English",9104.0,469.0,1000000.0,3060000.0,780200.0,93520000000.0
ROM,Romania,90,30,42,90,52,20,Romania,RO,ROU,ro,RO,642.0,798549.0,40.0,40,Europe,Bucharest,Europe/Bucharest,Leu,"ro,hu,rom","Romanian (official) 85.4%, Hungarian 6.3%, Romany (Gypsy) 1.2%, other 1%, unspecified 6.1% (2011 est.)",237500.0,2667000.0,7787000.0,22700000.0,4680000.0,188900000000.0
RUS,Russia,93,39,36,95,81,20,Russia,RU,RUS,ru,RS,643.0,2017370.0,7.0,7,Europe,Moscow,Europe/Moscow,Ruble,"ru,tt,xal,cau,ady,kv,ce,tyv,cv,udm,tut,mns,bua,myv,mdf,chm,ba,inh,tut,kbd,krc,ava,sah,nog","Russian (official) 96.3%, Dolgang 5.3%, German 1.5%, Chechen 1%, Tatar 3%, other 10.3%",17100000.0,14865000.0,40853000.0,261900000.0,42900000.0,2113000000000.0
RWA,Rwanda,#NULL!,#NULL!,#NULL!,#NULL!,18,37,Rwanda,RW,RWA,rw,RW,646.0,49518.0,250.0,250,Africa,Kigali,Africa/Kigali,Franc,"rw,en-RW,fr-RW,sw","Kinyarwanda only (official, universal Bantu vernacular) 93.2%, Kinyarwanda and other language(s) 6.2%, French (official) and other language(s) 0.1%, English (official) and other language(s) 0.1%, Swahili (or Kiswahili, used in commercial centers) 0.02%, other 0.03%, unspecified 0.3% (2002 est.)",26338.0,1447.0,450000.0,5690000.0,44400.0,7700000000.0
SAU,Saudi Arabia,#NULL!,#NULL!,#NULL!,#NULL!,36,52,Saudi Arabia,SA,SAU,sa,SA,682.0,102358.0,966.0,966,Asia,Riyadh,Asia/Riyadh,Rial,ar-SA,Arabic (official),1960582.0,145941.0,9774000.0,53000000.0,4800000.0,718500000000.0
SER,Serbia,86,25,43,92,52,28,Serbia,RS,SRB,rs,RI,688.0,6290252.0,381.0,381,Europe,Belgrade,Europe/Belgrade,Dinar,"sr,hu,bs,rom","Serbian (official) 88.1%, Hungarian 3.4%, Bosnian 1.9%, Romany 1.4%, other 3.4%, undeclared or unknown 1.8%",88361.0,1102000.0,4107000.0,9138000.0,2977000.0,43680000000.0
SIN,Singapore,74,20,48,8,72,46,Singapore,SG,SGP,sg,SN,702.0,1880251.0,65.0,65,Asia,Singapore,Asia/Singapore,Dollar,"cmn,en-SG,ms-SG,ta-SG,zh-SG","Mandarin (official) 36.3%, English (official) 29.8%, Malay (official) 11.9%, Hokkien 8.1%, Tamil (official) 4.4%, Cantonese 4.1%, Teochew 3.2%, other Indian languages 1.2%, other Chinese dialects 1.1%, other 1.1% (2010 est.)",693.0,1960000.0,3235000.0,8063000.0,1990000.0,295700000000.0
SLV,Slovenia,71,27,19,88,49,48,Slovenia,SI,SVN,si,SI,705.0,3190538.0,386.0,386,Europe,Ljubljana,Europe/Ljubljana,Euro,"sl,sh","Slovenian (official) 91.1%, Serbo-Croatian 4.5%, other or unspecified 4.4%, Italian (official, only in municipalities where Italian national communities reside), Hungarian (official, only in municipalities where Hungarian national communities reside) (2002 census)",20273.0,415581.0,1298000.0,2246000.0,825000.0,46820000000.0
SAF,South Africa,#NULL!,#NULL!,#NULL!,#NULL!,34,63,South Africa,ZA,ZAF,za,SF,710.0,953987.0,27.0,27,Africa,Pretoria,Africa/Johannesburg,Rand,"zu,xh,af,nso,en-ZA,tn,st,ts,ss,ve,nr","IsiZulu (official) 22.7%, IsiXhosa (official) 16%, Afrikaans (official) 13.5%, English (official) 9.6%, Sepedi (official) 9.1%, Setswana (official) 8%, Sesotho (official) 7.6%, Xitsonga (official) 4.5%, siSwati (official) 2.5%, Tshivenda (official) 2.4%, isiNdebele (official) 2.1%, sign language 0.5%, other 1.6% (2011 est.)",1219912.0,4761000.0,4420000.0,68400000.0,4030000.0,353900000000.0
SPA,Spain,57,51,42,86,48,44,Spain,ES,ESP,es,SP,724.0,2510769.0,34.0,34,Europe,Madrid,Europe/Madrid,Euro,"es-ES,ca,gl,eu,oc","Castilian Spanish (official) 74%, Catalan 17%, Galician 7%, and Basque 2%",504782.0,4228000.0,28119000.0,50663000.0,19220000.0,1356000000000.0
SUR,Suriname,85,47,37,92,#NULL!,#NULL!,Suriname,SR,SUR,sr,NS,740.0,3382998.0,597.0,597,South America,Paramaribo,America/Paramaribo,Dollar,"nl-SR,en,srn,hns,jv","Dutch (official), English (widely spoken), Sranang Tongo (Surinamese, sometimes called Taki-Taki, is native language of Creoles and much of the younger population and is lingua franca among others), Caribbean Hindustani (a dialect of Hindi), Javanese",163270.0,188.0,163000.0,977000.0,83000.0,5009000000.0
SWE,Sweden,31,71,5,29,53,78,Sweden,SE,SWE,se,SW,752.0,2661886.0,46.0,46,Europe,Stockholm,Europe/Stockholm,Krona,"sv-SE,se,sma,fi-SE","Swedish (official), small Sami- and Finnish-speaking minorities",449964.0,5978000.0,8398000.0,11643000.0,4321000.0,552000000000.0
SWI,Switzerland,34,68,70,58,74,66,Switzerland,CH,CHE,ch,SZ,756.0,2658434.0,41.0,41,Europe,Berne,Europe/Zurich,Franc,"de-CH,fr-CH,it-CH,rm","German (official) 64.9%, French (official) 22.6%, Italian (official) 8.3%, Serbo-Croatian 2.5%, Albanian 2.6%, Portuguese 3.4%, Spanish 2.2%, English 4.6%, Romansch (official) 0.5%, other 5.1%",41290.0,5301000.0,6152000.0,10460000.0,4382000.0,646200000000.0
TAI,Taiwan,58,17,45,69,93,49,Taiwan,TW,TWN,tw,TW,158.0,1668284.0,886.0,886,Asia,Taipei,Asia/Taipei,Dollar,"zh-TW,zh,nan,hak","Mandarin Chinese (official), Taiwanese (Min), Hakka dialects",35980.0,6272000.0,16147000.0,29455000.0,15998000.0,484700000000.0
TAN,Tanzania,#NULL!,#NULL!,#NULL!,#NULL!,34,38,Tanzania,TZ,TZA,tz,TZ,834.0,149590.0,255.0,255,Africa,Dodoma,Africa/Dar_es_Salaam,Shilling,"sw-TZ,en,ar","Kiswahili or Swahili (official), Kiunguja (name for Swahili in Zanzibar), English (official, primary language of commerce, administration, and higher education), Arabic (widely spoken in Zanzibar), many local languages",945087.0,26074.0,678000.0,27220000.0,161100.0,31940000000.0
THA,Thailand,64,20,34,64,32,45,Thailand,TH,THA,th,TH,764.0,1605651.0,66.0,66,Asia,Bangkok,Asia/Bangkok,Baht,"th,en","Thai (official) 90.7%, Burmese 1.3%, other 8%",514000.0,3399000.0,17483000.0,84075000.0,6391000.0,400900000000.0
TRI,Trinidad and Tobago,47,16,58,55,13,80,Trinidad and Tobago,TT,TTO,tt,TD,780.0,3573591.0,1.0,1-868,North America,Port of Spain,America/Port_of_Spain,Dollar,"en-TT,hns,fr,es,zh","English (official), Caribbean Hindustani (a dialect of Hindi), French, Spanish, Chinese",5128.0,241690.0,593000.0,1884000.0,287000.0,27130000000.0
TUR,Turkey,66,37,45,85,46,49,Turkey,TR,TUR,tr,TU,792.0,298795.0,90.0,90,Asia,Ankara,Europe/Istanbul,Lira,"tr-TR,ku,diq,az,av","Turkish (official), Kurdish, other minority languages",780580.0,7093000.0,27233000.0,67680000.0,13860000.0,821800000000.0
UGA,Uganda,#NULL!,#NULL!,#NULL!,#NULL!,24,52,Uganda,UG,UGA,ug,UG,800.0,226074.0,256.0,256,Africa,Kampala,Africa/Kampala,Shilling,"en-UG,lg,sw,ar","English (official national language, taught in grade schools, used in courts of law and by most newspapers and some radio broadcasts), Ganda or Luganda (most widely used of the Niger-Congo languages, preferred for native language publications in the capital and may be taught in school), other Niger-Congo languages, Nilo-Saharan languages, Swahili, Arabic",236040.0,32683.0,3200000.0,16355000.0,315000.0,22600000000.0
UKR,Ukraine,#NULL!,#NULL!,#NULL!,#NULL!,86,14,Ukraine,UA,UKR,ua,UP,804.0,690791.0,380.0,380,Europe,Kiev,Europe/Kiev,Hryvnia,"uk,ru-UA,rom,pl,hu","Ukrainian (official) 67%, Russian (regional language) 24%, other (includes small Romanian-, Polish-, and Hungarian-speaking minorities) 9%",603700.0,2173000.0,7770000.0,59344000.0,12182000.0,175500000000.0
URU,Uruguay,61,36,38,100,26,53,Uruguay,UY,URY,uy,UY,858.0,3439705.0,598.0,598,South America,Montevideo,America/Montevideo,Peso,es-UY,"Spanish (official), Portunol, Brazilero (Portuguese-Spanish mix on the Brazilian frontier)",176220.0,1036000.0,1405000.0,5000000.0,1010000.0,57110000000.0
VEN,Venezuela,81,12,73,76,16,100,Venezuela,VE,VEN,ve,VE,862.0,3625428.0,58.0,58,South America,Caracas,America/Caracas,Bolivar,es-VE,"Spanish (official), numerous indigenous dialects",912050.0,1016000.0,8918000.0,30520000.0,7650000.0,367500000000.0
VIE,Vietnam,70,20,40,30,57,35,Vietnam,VN,VNM,vn,VM,704.0,1562822.0,84.0,84,Asia,Hanoi,Asia/Ho_Chi_Minh,Dong,"vi,en,fr,zh,km","Vietnamese (official), English (increasingly favored as a second language), some French, Chinese, and Khmer, mountain area languages (Mon-Khmer and Malayo-Polynesian)",329560.0,189553.0,23382000.0,134066000.0,10191000.0,170000000000.0
ZAM,Zambia,#NULL!,#NULL!,#NULL!,#NULL!,30,42,Zambia,ZM,ZMB,zm,ZA,894.0,895949.0,260.0,260,Africa,Lusaka,Africa/Lusaka,Kwacha,"en-ZM,bem,loz,lun,lue,ny,toi","Bembe 33.4%, Nyanja 14.7%, Tonga 11.4%, Lozi 5.5%, Chewa 4.5%, Nsenga 2.9%, Tumbuka 2.5%, Lunda (North Western) 1.9%, Kaonde 1.8%, Lala 1.8%, Lamba 1.8%, English (official) 1.7%, Luvale 1.5%, Mambwe 1.3%, Namwanga 1.2%, Lenje 1.1%, Bisa 1%, other 9.2%, unspecified 0.4%",752614.0,16571.0,816200.0,10525000.0,82500.0,22240000000.0
ZIM,Zimbabwe,#NULL!,#NULL!,#NULL!,#NULL!,15,28,Zimbabwe,ZW,ZWE,zw,ZI,716.0,878675.0,263.0,263,Africa,Harare,Africa/Harare,Dollar,"en-ZW,sn,nr,nd","English (official), Shona, Sindebele (the language of the Ndebele, sometimes called Ndebele), numerous but minor tribal dialects",390580.0,30615.0,1423000.0,12614000.0,301600.0,10480000000.0
CZE,Czech Rep,57,58,57,74,70,29,Czech Republic,CZ,CZE,cz,EZ,203.0,3077311.0,420.0,420,Europe,Prague,Europe/Prague,Koruna,"cs,sk","Czech 95.4%, Slovak 1.6%, other 3% (2011 census)",78866.0,4148000.0,6681000.0,12973000.0,2100000.0,194800000000.0
DOM,Dominican Rep,#NULL!,#NULL!,#NULL!,#NULL!,13,54,Dominican Republic,DO,DOM,do,DR,214.0,3508796.0,1.0,"1-809, 1-829, 1-849",North America,Santo Domingo,America/Santo_Domingo,Peso,es-DO,Spanish (official),48730.0,404500.0,2701000.0,9038000.0,1065000.0,59270000000.0
GBR,Great Britain,35,89,66,35,51,69,United Kingdom,GB,GBR,uk,UK,826.0,2635167.0,44.0,44,Europe,London,Europe/London,Pound,"en-GB,cy-GB,gd",English,244820.0,8107000.0,51444000.0,82109000.0,33010000.0,2490000000000.0
KOR,Korea South,60,18,39,85,100,29,South Korea,KR,KOR,kr,KS,410.0,1835841.0,82.0,82,Asia,Seoul,Asia/Seoul,Won,"ko-KR,en","Korean, English (widely taught in junior high and high school)",98480.0,315697.0,39400000.0,53625000.0,30100000.0,1198000000000.0
USA,U.S.A.,40,91,62,46,26,68,United States,US,USA,us,US,840.0,6252001.0,1.0,1,North America,Washington,America/New_York,Dollar,"en-US,es-US,haw,fr","English 82.1%, Spanish 10.7%, other Indo-European 3.8%, Asian and Pacific island 2.7%, other 0.7% (2000 census)",9629091.0,505000000.0,245000000.0,310000000.0,139000000.0,16720000000000.0
BOS,Bosnia,#NULL!,#NULL!,#NULL!,#NULL!,70,44,Bosnia and Herzegovina,BA,BIH,ba,BK,70.0,3277605.0,387.0,387,Europe,Sarajevo,Europe/Sarajevo,Marka,"bs,hr-BA,sr-BA","Bosnian (official), Croatian (official), Serbian (official)",51129.0,155252.0,1422000.0,3350000.0,878000.0,18870000000.0
KYR,Kyrgyz Rep,#NULL!,#NULL!,#NULL!,#NULL!,66,39,Kyrgyzstan,KG,KGZ,kg,KG,417.0,1527747.0,996.0,996,Asia,Bishkek,Asia/Bishkek,Som,"ky,uz,ru","Kyrgyz (official) 64.7%, Uzbek 13.6%, Russian (official) 12.5%, Dungun 1%, other 8.2% (1999 census)",198500.0,115573.0,2195000.0,6800000.0,489000.0,7234000000.0
MAC,Macedonia Rep,#NULL!,#NULL!,#NULL!,#NULL!,62,35,Macedonia,MK,MKD,mk,MK,807.0,718075.0,389.0,389,Europe,Skopje,Europe/Skopje,Denar,"mk,sq,tr,rmm,sr","Macedonian (official) 66.5%, Albanian (official) 25.1%, Turkish 3.5%, Roma 1.9%, Serbian 1.2%, other 1.8% (2002 census)",25333.0,62826.0,1057000.0,2235000.0,407900.0,10650000000.0
SLK,Slovak Rep,104,52,110,51,77,28,Slovenia,SI,SVN,si,SI,705.0,3190538.0,386.0,386,Europe,Ljubljana,Europe/Ljubljana,Euro,"sl,sh","Slovenian (official) 91.1%, Serbo-Croatian 4.5%, other or unspecified 4.4%, Italian (official, only in municipalities where Italian national communities reside), Hungarian (official, only in municipalities where Hungarian national communities reside) (2002 census)",20273.0,415581.0,1298000.0,2246000.0,825000.0,46820000000.0
